{
  "image_size": [
    1920,
    1080
  ],
  "camera_matrix": [
    [
      1478.735595703125,
      0.0,
      913.7608642578125
    ],
    [
      0.0,
      1472.0535888671875,
      545.6099243164062
    ],
    [
      0.0,
      0.0,
      1.0
    ]
  ],
  "dist_coeffs": [
    0.16478651762008667,
    -0.6489657163619995,
    -0.007339788600802422,
    -0.0076143997721374035,
    1.6385523080825806
  ],
  "rms_error": 0.23349921881824398,
  "sample_count": 28,
  "board_spec": {
    "dictionary_name": "DICT_6X6_50",
    "squares_x": 7,
    "squares_y": 5,
    "square_length_mm": 30.0,
    "marker_length_mm": 22.0,
    "legacy_pattern": false
  }
}