{
  "image_size": [
    1920,
    1080
  ],
  "camera_matrix": [
    [
      1499.3636474609375,
      0.0,
      862.24169921875
    ],
    [
      0.0,
      1510.9864501953125,
      638.9481201171875
    ],
    [
      0.0,
      0.0,
      1.0
    ]
  ],
  "dist_coeffs": [
    0.016929136589169502,
    0.23987503349781036,
    0.010834923014044762,
    -0.011703746393322945,
    -0.5309550166130066
  ],
  "rms_error": 0.22078143643387313,
  "sample_count": 28,
  "board_spec": {
    "dictionary_name": "DICT_6X6_50",
    "squares_x": 7,
    "squares_y": 5,
    "square_length_mm": 30.0,
    "marker_length_mm": 22.0,
    "legacy_pattern": false
  }
}