{
  "image_size": [
    1920,
    1080
  ],
  "camera_matrix": [
    [
      1341.5770263671875,
      0.0,
      970.5863647460938
    ],
    [
      0.0,
      1345.6278076171875,
      567.5676879882812
    ],
    [
      0.0,
      0.0,
      1.0
    ]
  ],
  "dist_coeffs": [
    0.007647711783647537,
    -0.1248413622379303,
    0.0002781815128400922,
    0.011030378751456738,
    0.17445041239261627
  ],
  "rms_error": 0.41806724124892775,
  "sample_count": 24,
  "board_spec": {
    "dictionary_name": "DICT_6X6_50",
    "squares_x": 7,
    "squares_y": 5,
    "square_length_mm": 30.0,
    "marker_length_mm": 22.0,
    "legacy_pattern": false
  }
}