{
  "image_size": [
    1920,
    1080
  ],
  "camera_matrix": [
    [
      1231.484619140625,
      0.0,
      829.8455810546875
    ],
    [
      0.0,
      1221.711669921875,
      458.0513000488281
    ],
    [
      0.0,
      0.0,
      1.0
    ]
  ],
  "dist_coeffs": [
    0.18177315592765808,
    -0.13105499744415283,
    0.0005920534604229033,
    -0.0498771108686924,
    0.054348383098840714
  ],
  "rms_error": 0.4913245923046079,
  "sample_count": 28,
  "board_spec": {
    "dictionary_name": "DICT_6X6_50",
    "squares_x": 7,
    "squares_y": 5,
    "square_length_mm": 30.0,
    "marker_length_mm": 22.0,
    "legacy_pattern": false
  }
}