{
  "image_size": [
    1920,
    1080
  ],
  "camera_matrix": [
    [
      956.212158203125,
      0.0,
      925.7294311523438
    ],
    [
      0.0,
      962.6849975585938,
      512.9869995117188
    ],
    [
      0.0,
      0.0,
      1.0
    ]
  ],
  "dist_coeffs": [
    0.07852599769830704,
    -0.2567826807498932,
    -0.04167414456605911,
    -0.024555787444114685,
    0.19501076638698578
  ],
  "rms_error": 0.33902522332459545,
  "sample_count": 28,
  "board_spec": {
    "dictionary_name": "DICT_6X6_50",
    "squares_x": 7,
    "squares_y": 5,
    "square_length_mm": 30.0,
    "marker_length_mm": 22.0,
    "legacy_pattern": false
  }
}