{
  "image_size": [
    1920,
    1080
  ],
  "camera_matrix": [
    [
      1362.5516357421875,
      0.0,
      909.4843139648438
    ],
    [
      0.0,
      1371.5479736328125,
      593.7352905273438
    ],
    [
      0.0,
      0.0,
      1.0
    ]
  ],
  "dist_coeffs": [
    -0.03483758121728897,
    0.02332889474928379,
    -0.00021915140678174794,
    -0.007041425909847021,
    -0.0860559418797493
  ],
  "rms_error": 0.5264875795128595,
  "sample_count": 28,
  "board_spec": {
    "dictionary_name": "DICT_6X6_50",
    "squares_x": 7,
    "squares_y": 5,
    "square_length_mm": 30.0,
    "marker_length_mm": 22.0,
    "legacy_pattern": false
  }
}