{
  "image_size": [
    1920,
    1080
  ],
  "camera_matrix": [
    [
      1227.37744140625,
      0.0,
      1120.4677734375
    ],
    [
      0.0,
      1203.445556640625,
      469.40826416015625
    ],
    [
      0.0,
      0.0,
      1.0
    ]
  ],
  "dist_coeffs": [
    0.04193225875496864,
    -0.5813948512077332,
    -0.03204210847616196,
    0.022822683677077293,
    0.5530688762664795
  ],
  "rms_error": 0.9904827677667971,
  "sample_count": 28,
  "board_spec": {
    "dictionary_name": "DICT_6X6_50",
    "squares_x": 7,
    "squares_y": 5,
    "square_length_mm": 30.0,
    "marker_length_mm": 22.0,
    "legacy_pattern": false
  }
}